Title,Release Year,Locations,Fun Facts,Production Company,Distributor,Director,Writer,Actor 1,Actor 2,Actor 3
aaa,1990,location1,fun fact 1,prod1,dist1,dir1,writer1,Actor1_2,Actor2_2,Actor3_2
Aaa,1990,location2,,prod1,dist1,dir1,writer1,Actor1_2,Actor2_2,Actor3_2
aaa,1990,location3,fun fact 3,prod1,dist1,dir1,writer1,Actor1_2,Actor2_2,Actor3_2
Bbb,1992,location3,fun fact 5,prod2,dist2,dir2,writer2,Actor1_3,Actor2_3,Actor3_3
ababab ab,1985,location4,fun fact 4,,,,,Actor1_4,,
ababab ab,1985,location5,,prod4,,,,Actor1_4,Actor2_5,
abab,1984,location5,,prod4,,,,Actor1_4,,
BAB Ababa,1998,location6,fun fact 6,prod5,dist4,dir3,writer4,Actor1_5,Actor2_6,
C,2000,location7,,prod6,,dir2,,Actor1_2,,
d,2001,location2,,prod1,,,,Actor1_7,Actor2_4,
ed,1995,location1,,,,,,Actor1_8,,
Ed 2,2014,location9,,,,,,Actor1_8,Actor2_6,
acb,2008,location8,fun fact 7,prod2,dist8,dir2,writer5,Actor1_4,Actor2_7,Actor3_5
abc,1999,location9,,,,,,Actor1_9,,
